{"cameraMode":{"drawMode":0,"name":"Shaded","section":"Shading Mode"},"sceneLighting":false,"audioPlay":false,"sceneViewState":{"m_AlwaysRefresh":false,"showFog":true,"showSkybox":false,"showFlares":true,"showImageEffects":true,"showParticleSystems":true,"showVisualEffectGraphs":true,"m_FxEnabled":false},"in2DMode":false,"pivot":{"x":0.000001430511474609375,"y":0.2451188564300537,"z":-0.0024938583374023439},"rotation":{"x":-0.17200419306755067,"y":0.6220256090164185,"z":-0.14256997406482697,"w":-0.7504522204399109},"size":8.124885559082032,"orthographic":false}