{"cameraMode":{"drawMode":0,"name":"Shaded","section":"Shading Mode"},"sceneLighting":false,"audioPlay":false,"sceneViewState":{"m_AlwaysRefresh":false,"showFog":true,"showSkybox":false,"showFlares":true,"showImageEffects":true,"showParticleSystems":true,"showVisualEffectGraphs":true,"m_FxEnabled":false},"in2DMode":false,"pivot":{"x":0.9478998184204102,"y":-0.7812833786010742,"z":-0.08047866821289063},"rotation":{"x":-0.07426255941390991,"y":0.9257396459579468,"z":-0.26250627636909487,"w":-0.2618955671787262},"size":7.917588233947754,"orthographic":false}